player,role,role_mantra,team,Prezzo_Consigliato_Cr,NN_FV_Atteso,NN_MV_Atteso,NN_Rischio_Std,Prob_Bonus_Ge_8_%,Prob_Picco_Ge_10_%,Clean_Sheet_%,FVM_1000,n_stagioni,mv_media_3y,mv_storica,mv_std,mv_trend,availability,gol_per_pg,ass_per_pg,amm_per_pg,rig_per_pg,n_seasons_us,xg_media_3y,xa_media_3y,xg_per90,xa_per90,npxg_per90,shots_per90,offensive_index,gf_avg_3y,giorni_infortunio_3y,n_infortuni_3y,infortunio_grave,malus_infortuni,score_composito,score_composito_base,predicted_pts_p10,predicted_pts_p50,predicted_pts_p90,pts_volatility_spread,vorp_points,prezzo_fair_1000,prezzo_fair_500,surplus_value_cr
De Gea,P,Por,FIO,11,3.0,6.0,0.5,0.0,0.0,0.0,30,2.0,6.273,6.29,0.05,,0.947,0.0,0.0,0.014,0.0,,,,,,,,1.0124,2.045,7,2,0,0.027,0.5257,0.5278,116.5,139.9,197.3,80.8,22.8,34,17,23
Carnesecchi,P,Por,ATA,17,5.5,6.0,0.5,0.0,0.0,0.0,55,5.0,6.325,5.048,2.525,1.271,0.822,0.0,0.008,0.016,0.0,4.0,,0.178,0.0,0.006,0.0,0.0,1.0354,2.298,11,2,0,0.043,0.5134,0.5167,175.4,175.4,176.3,0.9,58.3,84,42,67
Falcone,P,Por,LEC,8,2.6,6.0,0.5,0.0,0.0,0.0,26,8.0,6.333,4.703,2.718,0.9133,0.719,0.0,0.0,0.039,0.0,,,,,,,,0.9201,1.029,4,2,0,0.016,0.5074,0.5086,93.7,113.6,150.9,57.2,0.0,1,1,-7
Tornqvist,P,Por,MON,1,1.0,6.0,0.5,0.0,0.0,0.0,10,1.0,,,0.0,,,,,,,,,,,,,,0.9337,1.178,0,0,0,0.0,0.5044,0.5044,95.5,117.1,152.1,56.6,0.0,1,1,0
Mascardi,P,Por,TOR,1,0.5,6.0,0.5,0.0,0.0,0.0,5,,,,,,,,,,,,,,,,,,0.9571,1.436,0,0,0,0.0,0.5027,0.5027,95.5,117.1,152.1,56.6,0.0,1,1,0
Svilar,P,Por,ROM,19,8.5,6.0,0.5,0.0,0.0,0.0,85,4.0,6.315,6.263,0.17,0.063,0.618,0.0,0.0,0.022,0.0,,,,,,,,1.0268,2.203,0,0,0,0.0,0.5021,0.5021,142.5,193.6,198.6,56.1,76.5,110,54,91
Grandi,P,Por,VEN,1,0.1,6.0,0.5,0.0,0.0,0.0,1,1.0,,,0.0,,,,,,,,,,,,,,0.9494,1.351,0,0,0,0.0,0.5014,0.5014,95.5,117.1,152.1,56.6,0.0,1,1,0
Penev,P,Por,LEC,1,0.1,6.0,0.5,0.0,0.0,0.0,1,,,,,,,,,,,,,,,,,,0.9201,1.029,0,0,0,0.0,0.5014,0.5014,95.5,117.1,152.1,56.6,0.0,1,1,0
Satalino,P,Por,SAS,1,0.1,6.0,0.5,0.0,0.0,0.0,1,7.0,,,0.0,,,,,,,,,,,,,,0.9714,1.594,0,0,0,0.0,0.5014,0.5014,95.5,117.1,152.1,56.6,0.0,1,1,0
Vismara,P,Por,ATA,1,0.1,6.0,0.5,0.0,0.0,0.0,1,,,,,,,,,,,,,,,,,,1.0354,2.298,0,0,0,0.0,0.5014,0.5014,95.5,117.1,152.1,56.6,0.0,1,1,0
Dimarco,D,E;W,INT,31,24.0,6.0,0.5,0.0,0.0,0.0,240,10.0,6.483,5.594,1.875,0.3897,0.637,0.139,0.199,0.085,0.0,,,,,,,,1.1,3.009,56,7,0,0.218,0.5277,0.5455,148.3,197.4,203.0,54.7,87.4,126,62,95
Carlos Augusto,D,B;Ds;E,INT,6,2.0,6.0,0.5,0.0,0.0,0.0,20,4.0,6.15,6.155,0.03,-0.006,0.829,0.079,0.095,0.095,0.0,4.0,2.324,2.553,0.12,0.113,0.12,1.192,1.1,3.009,65,8,0,0.253,0.5149,0.5352,98.4,120.6,164.1,65.7,10.6,16,8,10
Tiago Gabriel,D,Dc,LEC,8,2.0,6.0,0.5,0.0,0.0,0.0,20,2.0,6.083,6.125,0.125,,0.5,0.056,0.0,0.194,0.0,1.0,3.984,0.028,0.111,0.001,0.111,0.558,0.9201,1.029,0,0,0,0.0,0.5102,0.5102,64.5,84.1,84.1,19.6,0.0,1,1,-7
Ramon,D,Dc,COM,10,3.1,6.0,0.5,0.0,0.0,0.0,31,1.0,6.16,6.16,0.0,,0.842,0.062,0.0,0.344,0.0,,,,,,,,1.0068,1.982,35,4,0,0.136,0.504,0.5145,99.5,123.3,171.3,71.8,13.3,20,10,10
Lulli,D,E,ROM,2,1.0,6.0,0.5,0.0,0.0,0.0,10,,,,,,,,,,,,,,,,,,1.0268,2.203,0,0,0,0.0,0.5031,0.5031,95.5,117.1,152.1,56.6,7.1,11,6,9
Beukema,D,Dc,NAP,6,1.2,6.0,0.5,0.0,0.0,0.0,12,3.0,5.945,5.96,0.042,-0.045,0.754,0.035,0.012,0.081,0.0,3.0,1.862,0.727,0.075,0.027,0.075,0.435,1.0241,2.173,36,5,0,0.14,0.5026,0.5134,95.4,117.1,152.5,57.1,7.1,11,6,5
Vasquez,D,Ds;Dc,GEN,9,3.0,6.0,0.5,0.0,0.0,0.0,30,5.0,6.087,5.994,0.139,0.066,0.832,0.044,0.006,0.196,0.0,,,,,,,,0.9593,1.46,32,5,0,0.124,0.5024,0.5119,99.3,123.2,171.3,72.0,13.2,20,10,11
Aurelio,D,Ds;E,CAG,2,0.5,6.0,0.5,0.0,0.0,0.0,5,,,,,,,,,,,,,,,,,,0.9604,1.472,0,0,0,0.0,0.5014,0.5014,95.5,117.1,152.1,56.6,7.1,11,6,9
Valeri,D,Ds;E,PAR,8,2.2,6.0,0.5,0.0,0.0,0.0,22,4.0,5.943,5.92,0.192,0.028,0.789,0.033,0.1,0.075,0.008,,,,,,,,0.9545,1.408,0,0,0,0.0,0.5011,0.5011,95.8,120.5,163.6,67.8,10.5,16,8,8
Diawara S.,D,Ds;Dc,MIL,2,0.4,6.0,0.5,0.0,0.0,0.0,4,,,,,,,,,,,,,,,,,,1.0464,2.419,0,0,0,0.0,0.5011,0.5011,95.5,117.1,152.1,56.6,7.1,11,6,9
Mancini,D,Dc,ROM,16,5.0,6.0,0.5,0.0,0.0,0.0,50,9.0,6.183,6.07,0.14,0.0242,0.816,0.078,0.03,0.281,0.0,,,,,,,,1.0268,2.203,33,9,0,0.128,0.501,0.5108,154.3,154.3,169.7,15.4,44.3,64,32,48
Delprato,D,B;Dd;E,PAR,8,2.1,6.0,0.5,0.0,0.0,0.0,21,2.0,5.95,5.97,0.06,,0.908,0.087,0.0,0.188,0.0,,,,,,,,0.9545,1.408,42,7,0,0.163,0.501,0.5136,110.2,130.9,184.3,74.1,20.9,31,16,23
Odenthal,D,Dc,SAS,3,0.8,6.0,0.5,0.0,0.0,0.0,8,1.0,,,0.0,,,,,,,,,,,,,,0.9714,1.594,2,2,0,0.008,0.5004,0.501,95.5,117.1,152.1,56.6,7.1,11,6,8
Coco,D,Dc,TOR,7,1.4,6.0,0.5,0.0,0.0,0.0,14,2.0,5.847,5.85,0.01,,0.882,0.045,0.015,0.194,0.0,,,,,,,,0.9571,1.436,21,4,0,0.082,0.5001,0.5063,109.8,130.9,183.4,73.6,20.9,31,16,24
Drobnic,D,Dc,PAR,2,0.1,6.0,0.5,0.0,0.0,0.0,1,,,,,,,,,,,,,,,,,,0.9545,1.408,0,0,0,0.0,0.5001,0.5001,95.5,117.1,152.1,56.6,7.1,11,6,9
McTominay,C,C;T,NAP,27,22.0,6.0,0.5,0.0,0.0,0.0,220,2.0,6.447,6.475,0.085,,0.882,0.328,0.075,0.06,0.0,2.0,11.239,2.42,0.334,0.076,0.322,2.777,1.0241,2.173,170,11,1,0.961,0.5725,0.6689,170.1,240.7,250.7,80.6,127.3,183,90,156
Paz N.,C,T;A,COM,29,24.5,6.0,0.5,0.0,0.0,0.0,245,2.0,6.373,6.375,0.005,,0.895,0.265,0.176,0.162,0.0,,,,,,,,1.0068,1.982,23,3,0,0.089,0.5656,0.5733,189.1,286.1,319.3,130.2,172.7,248,121,219
Calhanoglu,C,M;C,INT,28,24.3,6.0,0.5,0.0,0.0,0.0,243,9.0,6.452,6.304,0.166,0.0493,0.825,0.209,0.202,0.174,0.082,4.0,5.708,4.864,0.233,0.202,0.075,2.219,1.1,3.009,216,17,0,0.7,0.555,0.6201,169.1,240.8,251.1,82.0,127.4,183,90,155
Da Cunha,C,C;T,COM,18,8.7,6.0,0.5,0.0,0.0,0.0,87,2.0,6.26,6.22,0.12,,0.921,0.129,0.086,0.114,0.057,,,,,,,,1.0068,1.982,0,0,0,0.0,0.5342,0.5342,189.1,285.9,287.0,97.9,172.5,248,121,230
Ekkelenkamp,C,C;T,UDI,12,5.7,6.0,0.5,0.0,0.0,0.0,57,2.0,6.023,6.01,0.04,,0.842,0.125,0.078,0.047,0.0,2.0,4.198,2.095,0.172,0.092,0.172,1.289,0.965,1.523,73,9,0,0.284,0.5295,0.5531,175.6,175.6,175.6,0.0,62.2,90,44,78
Modric,C,M;C,MIL,12,4.5,6.0,0.5,0.0,0.0,0.0,45,1.0,6.45,6.45,0.0,,0.868,0.061,0.091,0.121,0.0,,,,,,,,1.0464,2.419,25,4,0,0.097,0.5216,0.5293,146.6,146.6,181.3,34.7,33.2,48,24,36
Karlstrom,C,M;C,UDI,7,2.0,6.0,0.5,0.0,0.0,0.0,20,2.0,5.923,5.905,0.055,,0.961,0.014,0.027,0.205,0.0,,,,,,,,0.965,1.523,8,2,0,0.031,0.5168,0.5192,112.4,139.7,197.5,85.1,26.3,39,19,32
Samardzic,C,C;T,ATA,13,4.4,6.0,0.5,0.0,0.0,0.0,44,5.0,6.025,6.074,0.084,-0.034,0.668,0.134,0.071,0.063,0.008,4.0,2.658,3.862,0.149,0.218,0.138,2.333,1.0354,2.298,0,0,0,0.0,0.5154,0.5154,111.2,119.9,135.1,23.9,6.5,10,6,-3
Ederson D.S.,C,M;C,ATA,12,4.6,6.0,0.5,0.0,0.0,0.0,46,1.0,6.25,6.25,0.0,,0.789,0.067,0.033,0.1,0.033,,,,,,,,1.0354,2.298,0,0,0,0.0,0.5144,0.5144,138.6,138.9,168.8,30.2,25.5,37,19,25
Cristante,C,M;C,ROM,9,2.9,6.0,0.5,0.0,0.0,0.0,29,11.0,6.14,5.926,0.249,0.0506,0.778,0.093,0.059,0.211,0.0,4.0,2.717,2.192,0.092,0.069,0.086,1.23,1.0268,2.203,69,5,0,0.268,0.5105,0.5319,98.0,116.9,153.0,55.0,3.5,6,3,-3
Rodriguez Je.,C,W;A,COM,11,3.1,6.0,0.5,0.0,0.0,0.0,31,1.0,6.25,6.25,0.0,,0.737,0.071,0.286,0.107,0.0,1.0,1.198,0.0,0.081,0.0,0.081,0.203,1.0068,1.982,19,2,0,0.074,0.5102,0.5159,98.0,116.9,154.0,56.0,3.5,6,3,-5
Barella,C,C,INT,18,8.1,6.0,0.5,0.0,0.0,0.0,81,10.0,6.29,6.216,0.165,0.0401,0.876,0.084,0.147,0.237,0.009,,,,,,,,1.1,3.009,68,8,0,0.264,0.5076,0.5285,189.1,254.2,259.9,70.8,140.8,202,99,184
Piotrowski,C,M;C,UDI,6,1.5,6.0,0.5,0.0,0.0,0.0,15,1.0,5.88,5.88,0.0,,0.789,0.033,0.0,0.067,0.0,1.0,3.205,0.778,0.169,0.041,0.169,1.904,0.965,1.523,73,5,0,0.284,0.5053,0.5278,91.5,117.1,152.5,61.0,3.7,6,4,0
Baturina,C,T,COM,20,10.5,6.0,0.5,0.0,0.0,0.0,105,1.0,6.3,6.3,0.0,,0.658,0.24,0.12,0.0,0.0,,,,,,,,1.0068,1.982,20,4,0,0.078,0.5052,0.5112,159.2,218.4,234.4,75.2,105.0,151,74,131
Brescianini,C,C;T,FIO,3,1.1,6.0,0.5,0.0,0.0,0.0,11,3.0,6.043,6.063,0.068,-0.06,0.667,0.132,0.053,0.053,0.0,3.0,2.98,1.534,0.184,0.096,0.184,1.339,1.0124,2.045,54,7,0,0.21,0.5049,0.5213,85.9,110.0,118.5,32.6,0.0,1,1,-2
Malen,A,Pc,ROM,38,45.0,6.0,0.5,0.0,0.0,0.0,450,1.0,6.72,6.72,0.0,,0.474,0.778,0.111,0.056,0.167,,,,,,,,1.0268,2.203,44,6,0,0.171,0.582,0.5973,112.1,162.3,162.3,50.2,56.4,82,40,44
Martinez L.,A,Pc,INT,33,36.1,6.0,0.5,0.0,0.0,0.0,361,8.0,6.382,6.35,0.172,0.0352,0.852,0.51,0.112,0.135,0.042,,,,,,,,1.1,3.009,140,12,0,0.544,0.5532,0.6024,179.6,255.3,271.1,91.5,149.4,215,105,182
Pellegrino M.,A,Pc,FIO,14,4.0,6.0,0.5,0.0,0.0,0.0,40,2.0,6.04,6.065,0.075,,0.632,0.25,0.0,0.146,0.021,2.0,8.233,1.286,0.355,0.062,0.336,2.278,1.0124,2.045,34,3,0,0.132,0.548,0.5591,87.8,110.4,110.4,22.6,4.5,7,4,-7
De Ketelaere,A,A,ATA,17,9.5,6.0,0.5,0.0,0.0,0.0,95,4.0,6.222,6.115,0.222,0.128,0.822,0.16,0.152,0.064,0.008,4.0,6.688,6.921,0.293,0.335,0.284,1.913,1.0354,2.298,112,11,0,0.436,0.5477,0.586,180.4,248.5,270.5,90.1,142.6,205,100,188
Laurientè,A,A,SAS,15,8.3,6.0,0.5,0.0,0.0,0.0,83,1.0,6.23,6.23,0.0,,0.974,0.189,0.243,0.108,0.0,,,,,,,,0.9714,1.594,0,0,0,0.0,0.5415,0.5415,189.1,277.2,289.3,100.2,171.3,246,120,231
Thuram,A,Pc,INT,28,24.9,6.0,0.5,0.0,0.0,0.0,249,3.0,6.415,6.433,0.086,-0.055,0.842,0.417,0.177,0.062,0.0,,,,,,,,1.1,3.009,106,12,0,0.412,0.5366,0.5719,180.4,255.3,270.6,90.2,149.4,215,105,187
Esposito F.P.,A,Pc,INT,17,10.5,6.0,0.5,0.0,0.0,0.0,105,1.0,6.26,6.26,0.0,,0.816,0.226,0.097,0.032,0.0,,,,,,,,1.1,3.009,0,0,0,0.0,0.5305,0.5305,193.4,267.1,298.6,105.2,161.2,232,113,215
Krstovic,A,Pc,ATA,18,9.8,6.0,0.5,0.0,0.0,0.0,98,3.0,6.082,6.04,0.102,0.125,0.895,0.275,0.108,0.137,0.029,,,,,,,,1.0354,2.298,3,2,0,0.012,0.528,0.529,189.1,285.8,321.7,132.6,179.9,258,126,240
Giovane,A,A,NAP,4,0.7,6.0,0.5,0.0,0.0,0.0,7,1.0,6.0,6.0,0.0,,0.816,0.097,0.194,0.065,0.0,1.0,4.269,4.357,0.205,0.209,0.205,2.691,1.0241,2.173,54,4,0,0.21,0.5272,0.5443,91.9,120.5,164.1,72.2,14.6,22,11,18
Douvikas,A,Pc,COM,22,18.5,6.0,0.5,0.0,0.0,0.0,185,2.0,6.19,6.195,0.015,,0.632,0.333,0.042,0.021,0.021,,,,,,,,1.0068,1.982,10,4,0,0.039,0.5255,0.5286,153.0,200.8,211.8,58.8,94.9,137,67,115
Hojlund,A,Pc,NAP,28,26.0,6.0,0.5,0.0,0.0,0.0,260,2.0,6.18,6.165,0.045,,0.829,0.333,0.111,0.032,0.016,,,,,,,,1.0241,2.173,136,11,0,0.529,0.5211,0.566,177.3,243.5,270.3,93.0,137.6,198,97,170
Yildiz,A,A,JUV,22,10.0,6.0,0.5,0.0,0.0,0.0,100,3.0,6.317,6.26,0.15,0.17,0.789,0.211,0.111,0.078,0.011,,,,,,,,1.0076,1.992,37,8,0,0.144,0.5099,0.5212,180.4,254.2,270.6,90.2,148.3,213,104,191
Varela G.,A,Pc,MON,7,4.0,6.0,0.5,0.0,0.0,0.0,40,,,,,,,,,,,,,,,,,,0.9337,1.178,0,0,0,0.0,0.5063,0.5063,108.2,121.5,155.4,47.2,15.6,23,12,16
Bonny,A,Pc,INT,7,1.5,6.0,0.5,0.0,0.0,0.0,15,2.0,6.11,6.09,0.06,,0.842,0.172,0.125,0.047,0.031,,,,,,,,1.1,3.009,33,7,0,0.128,0.5017,0.5115,95.5,123.3,172.4,76.9,17.4,26,13,19
De Martis,A,Pc,PAR,1,0.1,6.0,0.5,0.0,0.0,0.0,1,,,,,,,,,,,,,,,,,,0.9545,1.408,0,0,0,0.0,0.5014,0.5014,95.5,117.1,152.1,56.6,11.2,17,9,16
